StartDate,EndDate,Status,Progress,Duration (in seconds),Finished,RecordedDate,ResponseId,DistributionChannel,UserLanguage,Q1.2,Q2.1,Q2.2,Q3.1,Q3.2,Q3.3,Q4.1_1,Q4.2_1,Q5.1_1,Q5.2,Q5.3,E1.1.2_1,E1.1.3,E1.2.2_1,E1.2.3,E2.1.2,E2.1.3,E2.1.4,E2.2.2,E2.2.3,E2.2.4,E2.3.2,E2.3.3,E2.3.4
Start Date,End Date,Response Type,Progress,Duration (in seconds),Finished,Recorded Date,Response ID,Distribution Channel,User Language,I have read the above text and I want to participate in the study.,In which member state have you been elected to serve as a popular representative in the European Parliament?,To which age group do you belong?,"In general, do you pay attention to news about the ECB?","In your parliamentary activity, how often do you discuss matters related to the ECB?",Have you ever participated in the sessions of the Monetary Dialogue between the ECON and the ECB?,"In politics, people sometimes talk about ""left"" and ""right"". Where would you place yourself on the following scale? - 1","Now thinking about the European Union, some say European integration should go further. Others say it has already gone too far. Where would you place yourself on the following scale? - 1","Using a scale from 0 to 10, how would you judge the policy response of the ECB to the COVID-19 crisis so far? - 1",Do you think the transparency of policy decisions by the ECB is adequate?,"How strongly do you agree or disagree with the following statement? ""The policymaking of the ECB is independent from political pressures.""","Using a scale from 0 to 10, how much do you think that the ECB should focus on fighting inflation vis-à-vis supporting employment in the euro area? - 1","The primary objective of the ECB is to maintain price stability. The secondary objective of the ECB is to support the general economic policies of the Union. 
 

In the parliamentary activities to scrutinise the actions and performance of the ECB, how important do you think it is to focus on the ECB's achievement of its secondary objective?","Using a scale from 0 to 10, how much do you think that the ECB should focus on fighting inflation vis-à-vis supporting employment in the euro area? - 1","The primary objective of the ECB is to maintain price stability. The secondary objective of the ECB is to support the general economic policies of the Union. 
 

In the parliamentary activities to scrutinise the actions and performance of the ECB, how important do you think it is to focus on the ECB's achievement of its secondary objective?",To what extent do you agree with this announcement?,How much do you trust the ECB to do what is right after this announcement?,Do you think that your country should have greater control over the decisions of the ECB?,To what extent do you agree with this announcement?,How much do you trust the ECB to do what is right after this announcement?,Do you think that your country should have greater control over the decisions of the ECB?,To what extent do you agree with this announcement?,How much do you trust the ECB to do what is right after this announcement?,Do you think that your country should have greater control over the decisions of the ECB?
"{""ImportId"":""startDate"",""timeZone"":""America/Denver""}","{""ImportId"":""endDate"",""timeZone"":""America/Denver""}","{""ImportId"":""status""}","{""ImportId"":""progress""}","{""ImportId"":""duration""}","{""ImportId"":""finished""}","{""ImportId"":""recordedDate"",""timeZone"":""America/Denver""}","{""ImportId"":""_recordId""}","{""ImportId"":""distributionChannel""}","{""ImportId"":""userLanguage""}","{""ImportId"":""QID2""}","{""ImportId"":""QID34""}","{""ImportId"":""QID35""}","{""ImportId"":""QID18""}","{""ImportId"":""QID19""}","{""ImportId"":""QID3""}","{""ImportId"":""QID6_1""}","{""ImportId"":""QID7_1""}","{""ImportId"":""QID5_1""}","{""ImportId"":""QID10""}","{""ImportId"":""QID11""}","{""ImportId"":""QID13_1""}","{""ImportId"":""QID14""}","{""ImportId"":""QID36_1""}","{""ImportId"":""QID37""}","{""ImportId"":""QID21""}","{""ImportId"":""QID22""}","{""ImportId"":""QID25""}","{""ImportId"":""QID31""}","{""ImportId"":""QID32""}","{""ImportId"":""QID33""}","{""ImportId"":""QID27""}","{""ImportId"":""QID28""}","{""ImportId"":""QID29""}"
2021-03-25 03:30:10,2021-03-25 03:32:17,0,100,127,1,2021-03-25 03:32:18,R_3IY3B6gs2B5NyDt,email,EN,1,39,3,28,3,2,7,0,0,2,1,,8,,,,,,22,7,1,,,
2021-03-25 04:05:43,2021-03-25 04:07:55,0,100,132,1,2021-03-25 04:07:56,R_Dk58TxONJvcPIjv,email,EN,1,39,3,29,3,5,6,0,0,2,1,2,7,,,20,6,1,,,,,,
2021-03-25 03:39:25,2021-03-25 04:43:02,0,100,3816,1,2021-03-25 04:43:02,R_1Q0m14RAX2yOrNQ,email,EN,1,37,4,28,3,2,6,5,8,2,4,,,6,10,,,,,,,21,9,
2021-03-25 04:43:55,2021-03-25 05:07:55,0,100,1439,1,2021-03-25 05:07:55,R_29c9m8xqsuf0d8W,email,EN,1,42,3,28,2,1,0,0,4,2,1,7,8,,,,,,18,6,1,,,
2021-03-25 05:05:54,2021-03-25 05:11:12,0,100,318,1,2021-03-25 05:11:12,R_1laDmq14HB0efqs,email,EN,1,31,2,28,2,1,1,9,8,2,2,,,7,11,,,,,,,22,9,2
2021-03-26 04:11:16,2021-03-26 04:14:52,0,100,215,1,2021-03-26 04:14:52,R_3j2rdStE1AVacrL,email,EN,1,39,2,29,3,3,5,4,4,2,1,,,0,8,22,9,,,,,,,
2021-03-26 08:09:48,2021-03-26 08:13:45,0,100,236,1,2021-03-26 08:13:46,R_3oUgxGirx6SGTbg,email,EN,1,36,2,28,2,2,9,9,5,1,4,9,11,,,,,,21,9,,,,
2021-03-28 16:59:25,2021-03-28 17:02:22,0,100,177,1,2021-03-28 17:02:23,R_yxOuNAZCN727Mml,email,EN,1,43,2,29,3,2,2,9,8,1,3,8,10,,,,,,18,7,2,,,
2021-03-25 07:29:35,2021-03-25 07:31:09,0,23,94,0,2021-04-01 07:31:09,R_1fdxjlEymbtODiS,email,EN,1,40,4,29,3,3,,,,,,,,,,,,,,,,,,
2021-03-25 11:10:01,2021-03-25 11:10:27,0,13,26,0,2021-04-01 11:10:27,R_3kFfY2FXZ99ByBo,email,EN,1,43,3,,,,,,,,,,,,,,,,,,,,,
2021-04-12 08:15:59,2021-04-12 08:18:18,0,100,138,1,2021-04-12 08:18:18,R_1CrTSW7rhnh73zm,email,EN,1,43,2,29,3,3,3,9,8,1,3,,,10,11,,,,,,,22,9,1
2021-04-13 03:24:07,2021-04-13 03:28:05,0,100,237,1,2021-04-13 03:28:06,R_3Eg7ZbFEw2PCk76,email,EN,1,54,2,29,3,1,3,10,3,2,2,,,10,11,19,7,2,,,,,,
2021-04-13 04:08:24,2021-04-13 04:22:56,0,100,872,1,2021-04-13 04:22:56,R_2YY4MkbgHrOImlN,email,EN,1,41,2,29,2,1,6,7,7,2,2,8,11,,,19,7,1,,,,,,
2021-04-27 08:53:41,2021-04-27 08:56:38,0,100,177,1,2021-04-27 08:56:38,R_2U4SD9eKGiBl0ik,email,EN,1,43,3,29,2,1,7,7,3,2,2,7,10,,,,,,21,8,2,,,
2021-04-27 10:00:03,2021-04-27 10:14:53,0,100,890,1,2021-04-27 10:14:54,R_TdyRjq29bhVWQbn,email,EN,1,50,4,29,3,3,2,10,9,1,5,,,8,11,,,,,,,22,9,2
2021-04-13 02:07:32,2021-04-13 02:10:23,0,13,170,0,2021-05-13 02:10:24,R_1jAHNT1VmvsF9ZJ,email,EN,1,54,4,,,,,,,,,,,,,,,,,,,,,
2021-04-13 02:21:37,2021-04-13 02:21:57,0,7,19,0,2021-05-13 02:21:57,R_2cCKc84VmaRg0EA,email,EN,1,,,,,,,,,,,,,,,,,,,,,,,
2021-05-17 09:15:59,2021-05-17 09:19:53,0,100,234,1,2021-05-17 09:19:54,R_03ztMCWPJauYH5f,email,EN,1,42,3,24,1,1,2,7,6,2,1,7,11,,,22,8,,,,,,,
2021-05-17 03:12:16,2021-05-17 10:54:06,0,100,27709,1,2021-05-17 10:54:06,R_3e21EZH5B4Fh3zD,email,EN,1,34,1,29,3,3,5,10,5,2,4,,,7,10,,,,18,6,2,,,
2021-05-18 03:47:15,2021-05-18 03:59:13,0,100,718,1,2021-05-18 03:59:13,R_2ylpNNOMwmdjJQV,email,EN,1,32,1,28,2,1,5,1,2,2,1,,,10,11,,,,,,,18,6,1
2021-05-18 04:19:27,2021-05-18 04:22:16,0,100,168,1,2021-05-18 04:22:16,R_1nUZwRj5NYktLcA,email,EN,1,48,1,28,3,1,2,8,8,2,2,7,11,,,,,,18,7,1,,,
2021-05-18 07:15:02,2021-05-18 07:18:10,0,100,187,1,2021-05-18 07:18:10,R_yrsGlzxSJvwZajT,email,EN,1,39,3,28,1,1,7,3,4,2,1,4,9,,,20,8,1,,,,,,
2021-05-19 03:21:38,2021-05-19 03:23:27,0,100,109,1,2021-05-19 03:23:28,R_3e97c2CwWs3rbDf,email,EN,1,50,3,29,3,5,3,8,9,1,3,8,11,,,,,,,,,22,10,
2021-05-20 06:57:11,2021-05-20 07:02:48,0,100,336,1,2021-05-20 07:02:48,R_1Hq80ur8bNvGxl2,email,EN,1,54,2,24,3,3,8,6,8,,4,,,8,10,,,,22,9,1,,,
2021-05-21 02:08:14,2021-05-21 02:16:36,0,100,501,1,2021-05-21 02:16:36,R_d68botqJVfcAt21,email,EN,1,54,2,28,2,2,1,5,5,2,1,,,10,10,18,6,1,,,,,,
2021-05-21 02:56:58,2021-05-21 02:57:21,0,100,23,1,2021-05-21 02:57:21,R_3rMA8jvYNUCjdkH,email,EN,2,,,,,,,,,,,,,,,,,,,,,,,
2021-05-21 10:07:35,2021-05-21 10:14:56,0,100,441,1,2021-05-21 10:14:56,R_3KvDWiLsEMgTOJE,email,EN,1,54,3,28,2,1,4,4,3,2,3,8,11,,,,,,18,6,1,,,
2021-05-25 02:19:05,2021-05-25 02:21:19,0,100,134,1,2021-05-25 02:21:19,R_1jk86JmWkMGRMwy,email,EN,1,42,2,29,3,3,2,4,8,2,2,,,8,11,20,8,2,,,,,,
2021-05-25 04:10:12,2021-05-25 04:12:30,0,100,138,1,2021-05-25 04:12:31,R_ZjZ0ukAwk2J7Zlf,email,EN,1,43,3,24,2,1,1,8,8,2,4,10,11,,,,,,,,,21,9,2
2021-05-25 05:31:09,2021-05-25 05:35:12,0,100,243,1,2021-05-25 05:35:12,R_AdidXIpB4w2eSml,email,EN,1,45,4,28,2,1,7,9,8,1,4,,,6,9,,,,,,,22,10,1
2021-05-27 04:08:26,2021-05-27 04:51:11,0,100,2564,1,2021-05-27 04:51:11,R_1jH9NmUB7VwEDkJ,email,EN,1,49,3,28,2,2,7,5,5,,2,5,11,,,,,,18,7,1,,,
2021-05-27 04:51:26,2021-05-27 04:51:46,0,100,20,1,2021-05-27 04:51:46,R_1FgsGpBq2vwuNBf,email,EN,2,,,,,,,,,,,,,,,,,,,,,,,
2021-04-27 10:12:48,2021-04-27 10:13:25,0,13,36,0,2021-05-27 10:13:26,R_9YMkmmI18d5M4I9,email,EN,1,49,3,,,,,,,,,,,,,,,,,,,,,
2021-05-26 07:26:23,2021-05-31 09:45:13,0,100,440330,1,2021-05-31 09:45:13,R_23V3ST2HbR6k9Yq,email,EN,1,51,3,28,2,2,5,9,9,1,4,,,5,10,19,9,2,,,,,,
2021-06-01 03:37:23,2021-06-01 04:35:41,0,100,3497,1,2021-06-01 04:35:41,R_1FFYWNqyqd4kjV0,email,EN,1,43,2,29,2,1,8,2,7,2,1,,,7,9,,,,,,,21,9,1
2021-06-01 03:44:44,2021-06-01 05:45:24,0,100,7239,1,2021-06-01 05:45:24,R_9ugplMdN52NvLtn,email,EN,1,55,2,29,3,1,9,0,0,2,1,0,7,,,,,,22,6,1,,,
2021-06-03 07:33:47,2021-06-03 07:38:17,0,100,270,1,2021-06-03 07:38:18,R_2vllrbrNoQFPObn,email,EN,1,48,3,29,2,1,7,3,1,2,1,2,9,,,,,,21,8,1,,,
2021-06-04 04:19:30,2021-06-04 04:27:32,0,100,481,1,2021-06-04 04:27:32,R_2UWLv3CyPnEv034,email,EN,1,53,3,28,2,1,7,5,9,1,4,8,11,,,,,,,,,20,8,
2021-06-04 08:06:07,2021-06-04 08:11:31,0,100,323,1,2021-06-04 08:11:31,R_WDKWGjpCWSfSG7n,email,EN,1,54,2,29,3,3,2,10,8,2,3,,,10,11,20,9,2,,,,,,
2021-06-09 02:30:11,2021-06-09 02:31:46,0,100,94,1,2021-06-09 02:31:46,R_Z7F2YYqWV7dMJ0d,email,EN,1,35,2,23,1,1,3,7,,,3,,,,10,20,8,,,,,,,
2021-06-09 02:54:33,2021-06-09 02:59:40,0,100,307,1,2021-06-09 02:59:41,R_6EDmiqI5V4d1UDn,email,EN,1,54,3,28,3,1,9,2,,,3,2,10,,,,,,21,9,2,,,
2021-06-16 08:58:38,2021-06-16 09:01:35,0,100,177,1,2021-06-16 09:01:36,R_2AMAK37zs49bB9o,email,EN,1,50,2,29,3,3,3,3,6,1,3,,,2,11,,,,18,6,1,,,
2021-06-17 03:21:35,2021-06-17 03:28:24,0,100,408,1,2021-06-17 03:28:26,R_plPHB81eOaq53fb,email,EN,1,43,2,24,2,2,3,10,6,1,4,,,7,11,21,9,1,,,,,,
2021-05-18 05:08:37,2021-05-18 05:11:05,0,87,147,0,2021-06-18 05:11:06,R_1eJHTFYKftBFBh2,email,EN,1,54,2,28,2,1,3,7,7,1,4,,,7,10,,,,,,,,,
2021-05-19 03:55:37,2021-05-19 03:56:22,0,7,45,0,2021-06-19 03:56:25,R_3JIw7VB10ixD2N7,email,EN,1,,,,,,,,,,,,,,,,,,,,,,,
2021-05-20 05:58:31,2021-05-20 10:56:20,0,13,17868,0,2021-06-20 10:56:25,R_3qPvgsxIBpbDuB8,email,EN,1,51,3,,,,,,,,,,,,,,,,,,,,,
2021-06-21 01:55:24,2021-06-21 01:59:29,0,100,244,1,2021-06-21 01:59:30,R_1o77131vvFYaSAz,email,EN,1,35,4,28,2,1,2,6,7,,4,6,9,,,,,,,,,21,9,2
2021-06-22 09:49:45,2021-06-22 09:54:22,0,100,277,1,2021-06-22 09:54:22,R_2TGaJTZYukX63h5,email,EN,1,32,1,28,2,1,7,4,,,4,3,10,,,21,9,2,,,,,,
2021-06-23 02:46:40,2021-06-23 18:21:55,0,100,56114,1,2021-06-23 18:21:55,R_12xUVSH0OfM79sg,email,EN,1,39,3,29,3,5,3,9,8,2,2,,,8,10,,,,19,8,2,,,
2021-06-24 07:57:52,2021-06-24 08:01:32,0,100,220,1,2021-06-24 08:01:33,R_w4Xckveq3rH1vZD,email,EN,1,42,3,28,1,1,5,8,8,,3,,10,,,,,,18,6,1,,,
2021-06-25 03:37:35,2021-06-25 03:40:09,0,100,154,1,2021-06-25 03:40:09,R_1l5m0utxH8EeRH0,email,EN,1,54,3,28,2,1,6,8,6,,2,,,6,9,,,,,,,21,9,
2021-05-20 03:18:24,2021-05-25 03:55:30,0,50,434226,0,2021-06-25 03:55:33,R_3JCsQKpYqmJGPH3,email,EN,1,49,2,28,3,3,5,5,7,1,4,,,,,,,,,,,,,
2021-06-25 06:57:14,2021-06-25 07:01:17,0,100,243,1,2021-06-25 07:01:17,R_1Ijk08WS0ENJXq0,email,EN,1,54,2,24,2,1,5,7,7,1,3,6,8,,,19,9,1,,,,,,
2021-05-27 04:34:57,2021-05-27 04:35:20,0,7,22,0,2021-06-27 04:35:21,R_2YmHr9JQjFLV83O,email,EN,1,,,,,,,,,,,,,,,,,,,,,,,
2021-05-27 07:13:05,2021-05-27 07:14:30,0,30,85,0,2021-06-27 07:14:31,R_338eM3a7vGhKt8P,email,EN,1,48,2,28,3,2,1,7,,,,,,,,,,,,,,,,
2021-06-28 05:04:51,2021-06-28 05:07:43,0,100,172,1,2021-06-28 05:07:44,R_Zb4aKsv5RpzeVhf,email,EN,1,49,4,24,1,1,6,7,6,,2,,12,,,,,,,,,21,8,
2021-07-01 02:39:15,2021-07-01 04:02:24,0,100,4989,1,2021-07-01 04:02:24,R_2CZVZKT1CBJJRey,email,EN,1,39,4,28,3,3,2,7,6,2,3,,,7,11,,,,18,8,2,,,
2021-07-01 03:48:50,2021-07-01 04:33:14,0,100,2664,1,2021-07-01 04:33:15,R_73TzveAaQxSKeyJ,email,EN,1,38,2,24,2,1,8,3,4,2,2,,,7,8,19,7,1,,,,,,
2021-07-02 03:40:51,2021-07-02 03:43:28,0,100,156,1,2021-07-02 03:43:28,R_31L4GvGSF9CwF8v,email,EN,1,38,2,24,1,1,6,0,,2,2,10,11,,,20,7,1,,,,,,
2021-07-02 08:20:08,2021-07-02 08:31:41,0,100,692,1,2021-07-02 08:31:42,R_3LeliafF9FQU2KB,email,EN,1,42,3,28,2,1,5,8,7,,2,,,8,10,,,,,,,22,9,2
2021-06-03 03:00:37,2021-06-03 03:01:10,0,13,33,0,2021-07-03 03:01:11,R_sLGbaBAY0uimTRf,email,EN,1,31,2,,,,,,,,,,,,,,,,,,,,,
2021-06-03 04:59:07,2021-06-03 05:01:14,0,87,127,0,2021-07-03 05:01:15,R_3kdDXR25mIH9I1L,email,EN,1,39,3,28,2,1,5,4,,1,4,,,,10,,,,,,,,,
2021-07-05 15:15:43,2021-07-05 15:19:38,0,100,235,1,2021-07-05 15:19:39,R_3MK98cScxK5NLys,email,EN,1,51,2,29,3,3,5,10,7,1,3,7,10,,,,,,19,9,2,,,
2021-07-06 03:11:05,2021-07-06 03:16:41,0,100,335,1,2021-07-06 03:16:41,R_2YKWKmlCWAObcTa,email,EN,1,51,2,28,2,1,6,9,7,1,3,4,9,,,,,,21,9,2,,,
2021-07-07 03:59:35,2021-07-07 04:06:07,0,100,391,1,2021-07-07 04:06:07,R_1hKhg7SoEqYRg7e,email,EN,1,54,2,28,1,1,2,10,9,1,3,,,9,10,21,9,1,,,,,,
2021-07-09 02:53:08,2021-07-09 02:57:36,0,100,268,1,2021-07-09 02:57:37,R_07CUMlPX5uLvw89,email,EN,1,55,2,24,2,1,3,5,7,,4,,,8,10,,,,,,,20,8,
2021-07-12 06:23:01,2021-07-12 06:25:09,0,100,127,1,2021-07-12 06:25:09,R_3sntUHhEwdFQ5c0,email,EN,1,50,1,29,3,3,6,9,9,1,4,7,11,,,21,10,2,,,,,,
2021-07-12 09:36:15,2021-07-12 09:38:20,0,100,125,1,2021-07-12 09:38:20,R_1HpJk8ctcJm8tVP,email,EN,1,39,3,24,1,1,2,8,,,3,,12,,,,,,,,,20,7,1
2021-07-14 02:35:46,2021-07-14 03:39:33,0,100,3826,1,2021-07-14 03:39:33,R_3lE2a5BxQptTtFD,email,EN,1,43,1,24,2,1,4,9,7,,4,7,10,,,,,,18,7,2,,,
2021-07-14 07:39:16,2021-07-14 07:41:52,0,100,155,1,2021-07-14 07:41:52,R_3NDIQZzP11li9xR,email,EN,1,48,3,28,3,3,1,7,7,2,2,,,7,11,,,,18,7,2,,,
2021-07-15 07:08:33,2021-07-15 07:11:17,0,100,164,1,2021-07-15 07:11:18,R_3sput65jQ9AfDUx,email,EN,1,43,2,28,3,1,8,4,4,,3,,,7,9,,,,,,,20,8,1
2021-06-15 07:47:02,2021-06-15 07:48:46,0,87,104,0,2021-07-15 07:48:50,R_eWdBgxOqDDIXWnL,email,EN,1,43,2,29,3,1,8,3,7,2,2,,12,,,,,,,,,,,
2021-06-16 00:52:11,2021-06-16 00:52:47,0,23,36,0,2021-07-16 00:52:50,R_29cZ8ReS9UfQWo4,email,EN,1,2,3,24,2,1,,,,,,,,,,,,,,,,,,
2021-07-16 01:50:49,2021-07-16 05:37:31,0,100,13601,1,2021-07-16 05:37:31,R_xloENwJv9yhBiUN,email,EN,1,43,2,28,2,1,4,5,7,1,3,7,9,,,20,9,1,,,,,,
2021-06-21 03:19:18,2021-06-21 03:19:33,0,7,15,0,2021-07-21 03:19:36,R_1pQIBBJyfSBfTDK,email,EN,1,,,,,,,,,,,,,,,,,,,,,,,
2021-06-21 02:54:58,2021-06-22 08:07:17,0,30,105138,0,2021-07-22 08:07:18,R_3hh9nrTZt99xsu4,email,EN,1,32,3,28,2,1,8,3,,,,,,,,,,,,,,,,
2021-06-24 03:53:11,2021-06-24 03:54:52,0,87,100,0,2021-07-24 03:54:53,R_2uUwer8YuVsG999,email,EN,1,42,4,28,2,3,0,2,6,2,2,,,6,10,,,,,,,,,
2021-06-24 03:27:12,2021-06-24 06:06:02,0,23,9529,0,2021-07-24 06:06:02,R_2Bm2OgvIs5FfB3q,email,EN,1,39,1,28,2,1,,,,,,,,,,,,,,,,,,
2021-07-02 02:46:12,2021-07-02 03:44:00,0,30,3468,0,2021-08-02 03:44:02,R_1eUIMvIDFFxKuFp,email,EN,1,45,3,28,3,5,7,8,,,,,,,,,,,,,,,,
2021-06-07 03:05:48,2021-07-06 03:39:23,0,23,2507614,0,2021-08-06 03:39:28,R_33pWCsMFDjSMk4e,email,EN,1,43,3,29,4,5,,,,,,,,,,,,,,,,,,
2021-07-12 07:54:44,2021-07-12 07:56:42,0,50,117,0,2021-08-12 07:56:44,R_2b2T97NEZKZy2eQ,email,EN,1,35,3,24,1,1,4,3,,,2,,,,,,,,,,,,,
2021-07-15 08:30:16,2021-07-15 08:31:29,0,13,73,0,2021-08-15 08:31:32,R_2fj4lbIqQ27C18m,email,EN,1,52,3,,,,,,,,,,,,,,,,,,,,,
2021-07-15 08:00:39,2021-07-15 09:38:36,0,13,5877,0,2021-08-15 09:38:38,R_1GBK3yvKLGj0m2X,email,EN,1,38,3,,,,,,,,,,,,,,,,,,,,,
