StartDate,EndDate,Status,Progress,Duration (in seconds),Finished,RecordedDate,ResponseId,DistributionChannel,UserLanguage,Q1.2,Q2.1,Q2.2,Q3.1,Q3.2,Q3.3,Q4.1_1,Q4.2_1,Q5.1_1,Q5.2,Q5.3,E1.1.2_1,E1.1.3,E1.2.2_1,E1.2.3,E2.1.2,E2.1.3,E2.1.4,E2.2.2,E2.2.3,E2.2.4,E2.3.2,E2.3.3,E2.3.4
Start Date,End Date,Response Type,Progress,Duration (in seconds),Finished,Recorded Date,Response ID,Distribution Channel,User Language,I have read the above text and I want to participate in the study.,In which member state have you been elected to serve as a popular representative in the European Parliament?,To which age group do you belong?,"In general, do you pay attention to news about the ECB?","In your parliamentary activity, how often do you discuss matters related to the ECB?",Have you ever participated in the sessions of the Monetary Dialogue between the ECON and the ECB?,"In politics, people sometimes talk about ""left"" and ""right"". Where would you place yourself on the following scale? - 1","Now thinking about the European Union, some say European integration should go further. Others say it has already gone too far. Where would you place yourself on the following scale? - 1","Using a scale from 0 to 10, how would you judge the policy response of the ECB to the COVID-19 crisis so far? - 1",Do you think the transparency of policy decisions by the ECB is adequate?,"How strongly do you agree or disagree with the following statement? ""The policymaking of the ECB is independent from political pressures.""","Using a scale from 0 to 10, how much do you think that the ECB should focus on fighting inflation vis-à-vis supporting employment in the euro area? - 1","The primary objective of the ECB is to maintain price stability. The secondary objective of the ECB is to support the general economic policies of the Union. 
 

In the parliamentary activities to scrutinise the actions and performance of the ECB, how important do you think it is to focus on the ECB's achievement of its secondary objective?","Using a scale from 0 to 10, how much do you think that the ECB should focus on fighting inflation vis-à-vis supporting employment in the euro area? - 1","The primary objective of the ECB is to maintain price stability. The secondary objective of the ECB is to support the general economic policies of the Union. 
 

In the parliamentary activities to scrutinise the actions and performance of the ECB, how important do you think it is to focus on the ECB's achievement of its secondary objective?",To what extent do you agree with this announcement?,How much do you trust the ECB to do what is right after this announcement?,Do you think that your country should have greater control over the decisions of the ECB?,To what extent do you agree with this announcement?,How much do you trust the ECB to do what is right after this announcement?,Do you think that your country should have greater control over the decisions of the ECB?,To what extent do you agree with this announcement?,How much do you trust the ECB to do what is right after this announcement?,Do you think that your country should have greater control over the decisions of the ECB?
"{""ImportId"":""startDate"",""timeZone"":""America/Denver""}","{""ImportId"":""endDate"",""timeZone"":""America/Denver""}","{""ImportId"":""status""}","{""ImportId"":""progress""}","{""ImportId"":""duration""}","{""ImportId"":""finished""}","{""ImportId"":""recordedDate"",""timeZone"":""America/Denver""}","{""ImportId"":""_recordId""}","{""ImportId"":""distributionChannel""}","{""ImportId"":""userLanguage""}","{""ImportId"":""QID2""}","{""ImportId"":""QID34""}","{""ImportId"":""QID35""}","{""ImportId"":""QID18""}","{""ImportId"":""QID19""}","{""ImportId"":""QID3""}","{""ImportId"":""QID6_1""}","{""ImportId"":""QID7_1""}","{""ImportId"":""QID5_1""}","{""ImportId"":""QID10""}","{""ImportId"":""QID11""}","{""ImportId"":""QID13_1""}","{""ImportId"":""QID14""}","{""ImportId"":""QID36_1""}","{""ImportId"":""QID37""}","{""ImportId"":""QID21""}","{""ImportId"":""QID22""}","{""ImportId"":""QID25""}","{""ImportId"":""QID31""}","{""ImportId"":""QID32""}","{""ImportId"":""QID33""}","{""ImportId"":""QID27""}","{""ImportId"":""QID28""}","{""ImportId"":""QID29""}"
2021-03-25 03:30:10,2021-03-25 03:32:17,IP Address,100,127,True,2021-03-25 03:32:18,R_3IY3B6gs2B5NyDt,email,EN,Yes," Germany",50-64,Some attention,Regularly,Occasionally,7,0,0,No,Strongly disagree,,Slightly important,,,,,,Strongly agree,Tend not to trust,Yes,,,
2021-03-25 04:05:43,2021-03-25 04:07:55,IP Address,100,132,True,2021-03-25 04:07:56,R_Dk58TxONJvcPIjv,email,EN,Yes," Germany",50-64,A lot of attention,Regularly,Always,6,0,0,No,Strongly disagree,2,Not at all important,,,Neither agree nor disagree,Do not trust at all,Yes,,,,,,
2021-03-25 03:39:25,2021-03-25 04:43:02,IP Address,100,3816,True,2021-03-25 04:43:02,R_1Q0m14RAX2yOrNQ,email,EN,Yes," Finland",65 or older,Some attention,Regularly,Occasionally,6,5,8,No,Somewhat agree,,,6,Quite important,,,,,,,Somewhat agree,Tend to trust,
2021-03-25 04:43:55,2021-03-25 05:07:55,IP Address,100,1439,True,2021-03-25 05:07:55,R_29c9m8xqsuf0d8W,email,EN,Yes," Ireland",50-64,Some attention,Occasionally,Never,0,0,4,No,Strongly disagree,7,Slightly important,,,,,,Strongly disagree,Do not trust at all,Yes,,,
2021-03-25 05:05:54,2021-03-25 05:11:12,IP Address,100,318,True,2021-03-25 05:11:12,R_1laDmq14HB0efqs,email,EN,Yes," Bulgaria",35-49,Some attention,Occasionally,Never,1,9,8,No,Somewhat disagree,,,7,Extremely important,,,,,,,Strongly agree,Tend to trust,No
2021-03-26 04:11:16,2021-03-26 04:14:52,IP Address,100,215,True,2021-03-26 04:14:52,R_3j2rdStE1AVacrL,email,EN,Yes," Germany",35-49,A lot of attention,Regularly,Regularly,5,4,4,No,Strongly disagree,,,0,Slightly important,Strongly agree,Tend to trust,,,,,,,
2021-03-26 08:09:48,2021-03-26 08:13:45,IP Address,100,236,True,2021-03-26 08:13:46,R_3oUgxGirx6SGTbg,email,EN,Yes," Estonia",35-49,Some attention,Occasionally,Occasionally,9,9,5,Yes,Somewhat agree,9,Extremely important,,,,,,Somewhat agree,Tend to trust,,,,
2021-03-28 16:59:25,2021-03-28 17:02:22,IP Address,100,177,True,2021-03-28 17:02:23,R_yxOuNAZCN727Mml,email,EN,Yes," Italy",35-49,A lot of attention,Regularly,Occasionally,2,9,8,Yes,Neither agree nor disagree,8,Quite important,,,,,,Strongly disagree,Tend not to trust,No,,,
2021-03-25 07:29:35,2021-03-25 07:31:09,IP Address,23,94,False,2021-04-01 07:31:09,R_1fdxjlEymbtODiS,email,EN,Yes," Greece",65 or older,A lot of attention,Regularly,Regularly,,,,,,,,,,,,,,,,,,
2021-03-25 11:10:01,2021-03-25 11:10:27,IP Address,13,26,False,2021-04-01 11:10:27,R_3kFfY2FXZ99ByBo,email,EN,Yes," Italy",50-64,,,,,,,,,,,,,,,,,,,,,
2021-04-12 08:15:59,2021-04-12 08:18:18,IP Address,100,138,True,2021-04-12 08:18:18,R_1CrTSW7rhnh73zm,email,EN,Yes," Italy",35-49,A lot of attention,Regularly,Regularly,3,9,8,Yes,Neither agree nor disagree,,,10,Extremely important,,,,,,,Strongly agree,Tend to trust,Yes
2021-04-13 03:24:07,2021-04-13 03:28:05,IP Address,100,237,True,2021-04-13 03:28:06,R_3Eg7ZbFEw2PCk76,email,EN,Yes," Spain ",35-49,A lot of attention,Regularly,Never,3,10,3,No,Somewhat disagree,,,10,Extremely important,Somewhat disagree,Tend not to trust,No,,,,,,
2021-04-13 04:08:24,2021-04-13 04:22:56,IP Address,100,872,True,2021-04-13 04:22:56,R_2YY4MkbgHrOImlN,email,EN,Yes," Hungary",35-49,A lot of attention,Occasionally,Never,6,7,7,No,Somewhat disagree,8,Extremely important,,,Somewhat disagree,Tend not to trust,Yes,,,,,,
2021-04-27 08:53:41,2021-04-27 08:56:38,IP Address,100,177,True,2021-04-27 08:56:38,R_2U4SD9eKGiBl0ik,email,EN,Yes," Italy",50-64,A lot of attention,Occasionally,Never,7,7,3,No,Somewhat disagree,7,Quite important,,,,,,Somewhat agree,Neither trust nor distrust,No,,,
2021-04-27 10:00:03,2021-04-27 10:14:53,IP Address,100,890,True,2021-04-27 10:14:54,R_TdyRjq29bhVWQbn,email,EN,Yes," Portugal",65 or older,A lot of attention,Regularly,Regularly,2,10,9,Yes,Strongly agree,,,8,Extremely important,,,,,,,Strongly agree,Tend to trust,No
2021-04-13 02:07:32,2021-04-13 02:10:23,IP Address,13,170,False,2021-05-13 02:10:24,R_1jAHNT1VmvsF9ZJ,email,EN,Yes," Spain ",65 or older,,,,,,,,,,,,,,,,,,,,,
2021-04-13 02:21:37,2021-04-13 02:21:57,IP Address,7,19,False,2021-05-13 02:21:57,R_2cCKc84VmaRg0EA,email,EN,Yes,,,,,,,,,,,,,,,,,,,,,,,
2021-05-17 09:15:59,2021-05-17 09:19:53,IP Address,100,234,True,2021-05-17 09:19:54,R_03ztMCWPJauYH5f,email,EN,Yes," Ireland",50-64,Little attention,Never,Never,2,7,6,No,Strongly disagree,7,Extremely important,,,Strongly agree,Neither trust nor distrust,,,,,,,
2021-05-17 03:12:16,2021-05-17 10:54:06,IP Address,100,27709,True,2021-05-17 10:54:06,R_3e21EZH5B4Fh3zD,email,EN,Yes," Czech Republic",20-34,A lot of attention,Regularly,Regularly,5,10,5,No,Somewhat agree,,,7,Quite important,,,,Strongly disagree,Do not trust at all,No,,,
2021-05-18 03:47:15,2021-05-18 03:59:13,IP Address,100,718,True,2021-05-18 03:59:13,R_2ylpNNOMwmdjJQV,email,EN,Yes," Croatia",20-34,Some attention,Occasionally,Never,5,1,2,No,Strongly disagree,,,10,Extremely important,,,,,,,Strongly disagree,Do not trust at all,Yes
2021-05-18 04:19:27,2021-05-18 04:22:16,IP Address,100,168,True,2021-05-18 04:22:16,R_1nUZwRj5NYktLcA,email,EN,Yes," Netherlands",20-34,Some attention,Regularly,Never,2,8,8,No,Somewhat disagree,7,Extremely important,,,,,,Strongly disagree,Tend not to trust,Yes,,,
2021-05-18 07:15:02,2021-05-18 07:18:10,IP Address,100,187,True,2021-05-18 07:18:10,R_yrsGlzxSJvwZajT,email,EN,Yes," Germany",50-64,Some attention,Never,Never,7,3,4,No,Strongly disagree,4,Important,,,Neither agree nor disagree,Neither trust nor distrust,Yes,,,,,,
2021-05-19 03:21:38,2021-05-19 03:23:27,IP Address,100,109,True,2021-05-19 03:23:28,R_3e97c2CwWs3rbDf,email,EN,Yes," Portugal",50-64,A lot of attention,Regularly,Always,3,8,9,Yes,Neither agree nor disagree,8,Extremely important,,,,,,,,,Strongly agree,Fully trust,
2021-05-20 06:57:11,2021-05-20 07:02:48,IP Address,100,336,True,2021-05-20 07:02:48,R_1Hq80ur8bNvGxl2,email,EN,Yes," Spain ",35-49,Little attention,Regularly,Regularly,8,6,8,,Somewhat agree,,,8,Quite important,,,,Strongly agree,Tend to trust,Yes,,,
2021-05-21 02:08:14,2021-05-21 02:16:36,IP Address,100,501,True,2021-05-21 02:16:36,R_d68botqJVfcAt21,email,EN,Yes," Spain ",35-49,Some attention,Occasionally,Occasionally,1,5,5,No,Strongly disagree,,,10,Quite important,Strongly disagree,Do not trust at all,Yes,,,,,,
2021-05-21 02:56:58,2021-05-21 02:57:21,IP Address,100,23,True,2021-05-21 02:57:21,R_3rMA8jvYNUCjdkH,email,EN,No,,,,,,,,,,,,,,,,,,,,,,,
2021-05-21 10:07:35,2021-05-21 10:14:56,IP Address,100,441,True,2021-05-21 10:14:56,R_3KvDWiLsEMgTOJE,email,EN,Yes," Spain ",50-64,Some attention,Occasionally,Never,4,4,3,No,Neither agree nor disagree,8,Extremely important,,,,,,Strongly disagree,Do not trust at all,Yes,,,
2021-05-25 02:19:05,2021-05-25 02:21:19,IP Address,100,134,True,2021-05-25 02:21:19,R_1jk86JmWkMGRMwy,email,EN,Yes," Ireland",35-49,A lot of attention,Regularly,Regularly,2,4,8,No,Somewhat disagree,,,8,Extremely important,Neither agree nor disagree,Neither trust nor distrust,No,,,,,,
2021-05-25 04:10:12,2021-05-25 04:12:30,IP Address,100,138,True,2021-05-25 04:12:31,R_ZjZ0ukAwk2J7Zlf,email,EN,Yes," Italy",50-64,Little attention,Occasionally,Never,1,8,8,No,Somewhat agree,10,Extremely important,,,,,,,,,Somewhat agree,Tend to trust,No
2021-05-25 05:31:09,2021-05-25 05:35:12,IP Address,100,243,True,2021-05-25 05:35:12,R_AdidXIpB4w2eSml,email,EN,Yes," Lithuania",65 or older,Some attention,Occasionally,Never,7,9,8,Yes,Somewhat agree,,,6,Important,,,,,,,Strongly agree,Fully trust,Yes
2021-05-27 04:08:26,2021-05-27 04:51:11,IP Address,100,2564,True,2021-05-27 04:51:11,R_1jH9NmUB7VwEDkJ,email,EN,Yes," Poland",50-64,Some attention,Occasionally,Occasionally,7,5,5,,Somewhat disagree,5,Extremely important,,,,,,Strongly disagree,Tend not to trust,Yes,,,
2021-05-27 04:51:26,2021-05-27 04:51:46,IP Address,100,20,True,2021-05-27 04:51:46,R_1FgsGpBq2vwuNBf,email,EN,No,,,,,,,,,,,,,,,,,,,,,,,
2021-04-27 10:12:48,2021-04-27 10:13:25,IP Address,13,36,False,2021-05-27 10:13:26,R_9YMkmmI18d5M4I9,email,EN,Yes," Poland",50-64,,,,,,,,,,,,,,,,,,,,,
2021-05-26 07:26:23,2021-05-31 09:45:13,IP Address,100,440330,True,2021-05-31 09:45:13,R_23V3ST2HbR6k9Yq,email,EN,Yes," Romania",50-64,Some attention,Occasionally,Occasionally,5,9,9,Yes,Somewhat agree,,,5,Quite important,Somewhat disagree,Tend to trust,No,,,,,,
2021-06-01 03:37:23,2021-06-01 04:35:41,IP Address,100,3497,True,2021-06-01 04:35:41,R_1FFYWNqyqd4kjV0,email,EN,Yes," Italy",35-49,A lot of attention,Occasionally,Never,8,2,7,No,Strongly disagree,,,7,Important,,,,,,,Somewhat agree,Tend to trust,Yes
2021-06-01 03:44:44,2021-06-01 05:45:24,IP Address,100,7239,True,2021-06-01 05:45:24,R_9ugplMdN52NvLtn,email,EN,Yes,Sweden,35-49,A lot of attention,Regularly,Never,9,0,0,No,Strongly disagree,0,Not at all important,,,,,,Strongly agree,Do not trust at all,Yes,,,
2021-06-03 07:33:47,2021-06-03 07:38:17,IP Address,100,270,True,2021-06-03 07:38:18,R_2vllrbrNoQFPObn,email,EN,Yes," Netherlands",50-64,A lot of attention,Occasionally,Never,7,3,1,No,Strongly disagree,2,Important,,,,,,Somewhat agree,Neither trust nor distrust,Yes,,,
2021-06-04 04:19:30,2021-06-04 04:27:32,IP Address,100,481,True,2021-06-04 04:27:32,R_2UWLv3CyPnEv034,email,EN,Yes," Slovenia",50-64,Some attention,Occasionally,Never,7,5,9,Yes,Somewhat agree,8,Extremely important,,,,,,,,,Neither agree nor disagree,Neither trust nor distrust,
2021-06-04 08:06:07,2021-06-04 08:11:31,IP Address,100,323,True,2021-06-04 08:11:31,R_WDKWGjpCWSfSG7n,email,EN,Yes," Spain ",35-49,A lot of attention,Regularly,Regularly,2,10,8,No,Neither agree nor disagree,,,10,Extremely important,Neither agree nor disagree,Tend to trust,No,,,,,,
2021-06-09 02:30:11,2021-06-09 02:31:46,IP Address,100,94,True,2021-06-09 02:31:46,R_Z7F2YYqWV7dMJ0d,email,EN,Yes," Denmark",35-49,No attention at all,Never,Never,3,7,,,Neither agree nor disagree,,,,Quite important,Neither agree nor disagree,Neither trust nor distrust,,,,,,,
2021-06-09 02:54:33,2021-06-09 02:59:40,IP Address,100,307,True,2021-06-09 02:59:41,R_6EDmiqI5V4d1UDn,email,EN,Yes," Spain ",50-64,Some attention,Regularly,Never,9,2,,,Neither agree nor disagree,2,Quite important,,,,,,Somewhat agree,Tend to trust,No,,,
2021-06-16 08:58:38,2021-06-16 09:01:35,IP Address,100,177,True,2021-06-16 09:01:36,R_2AMAK37zs49bB9o,email,EN,Yes," Portugal",35-49,A lot of attention,Regularly,Regularly,3,3,6,Yes,Neither agree nor disagree,,,2,Extremely important,,,,Strongly disagree,Do not trust at all,Yes,,,
2021-06-17 03:21:35,2021-06-17 03:28:24,IP Address,100,408,True,2021-06-17 03:28:26,R_plPHB81eOaq53fb,email,EN,Yes," Italy",35-49,Little attention,Occasionally,Occasionally,3,10,6,Yes,Somewhat agree,,,7,Extremely important,Somewhat agree,Tend to trust,Yes,,,,,,
2021-05-18 05:08:37,2021-05-18 05:11:05,IP Address,87,147,False,2021-06-18 05:11:06,R_1eJHTFYKftBFBh2,email,EN,Yes," Spain ",35-49,Some attention,Occasionally,Never,3,7,7,Yes,Somewhat agree,,,7,Quite important,,,,,,,,,
2021-05-19 03:55:37,2021-05-19 03:56:22,IP Address,7,45,False,2021-06-19 03:56:25,R_3JIw7VB10ixD2N7,email,EN,Yes,,,,,,,,,,,,,,,,,,,,,,,
2021-05-20 05:58:31,2021-05-20 10:56:20,IP Address,13,17868,False,2021-06-20 10:56:25,R_3qPvgsxIBpbDuB8,email,EN,Yes," Romania",50-64,,,,,,,,,,,,,,,,,,,,,
2021-06-21 01:55:24,2021-06-21 01:59:29,IP Address,100,244,True,2021-06-21 01:59:30,R_1o77131vvFYaSAz,email,EN,Yes," Denmark",65 or older,Some attention,Occasionally,Never,2,6,7,,Somewhat agree,6,Important,,,,,,,,,Somewhat agree,Tend to trust,No
2021-06-22 09:49:45,2021-06-22 09:54:22,IP Address,100,277,True,2021-06-22 09:54:22,R_2TGaJTZYukX63h5,email,EN,Yes," Croatia",20-34,Some attention,Occasionally,Never,7,4,,,Somewhat agree,3,Quite important,,,Somewhat agree,Tend to trust,No,,,,,,
2021-06-23 02:46:40,2021-06-23 18:21:55,IP Address,100,56114,True,2021-06-23 18:21:55,R_12xUVSH0OfM79sg,email,EN,Yes," Germany",50-64,A lot of attention,Regularly,Always,3,9,8,No,Somewhat disagree,,,8,Quite important,,,,Somewhat disagree,Neither trust nor distrust,No,,,
2021-06-24 07:57:52,2021-06-24 08:01:32,IP Address,100,220,True,2021-06-24 08:01:33,R_w4Xckveq3rH1vZD,email,EN,Yes," Ireland",50-64,Some attention,Never,Never,5,8,8,,Neither agree nor disagree,,Quite important,,,,,,Strongly disagree,Do not trust at all,Yes,,,
2021-06-25 03:37:35,2021-06-25 03:40:09,IP Address,100,154,True,2021-06-25 03:40:09,R_1l5m0utxH8EeRH0,email,EN,Yes," Spain ",50-64,Some attention,Occasionally,Never,6,8,6,,Somewhat disagree,,,6,Important,,,,,,,Somewhat agree,Tend to trust,
2021-05-20 03:18:24,2021-05-25 03:55:30,IP Address,50,434226,False,2021-06-25 03:55:33,R_3JCsQKpYqmJGPH3,email,EN,Yes," Poland",35-49,Some attention,Regularly,Regularly,5,5,7,Yes,Somewhat agree,,,,,,,,,,,,,
2021-06-25 06:57:14,2021-06-25 07:01:17,IP Address,100,243,True,2021-06-25 07:01:17,R_1Ijk08WS0ENJXq0,email,EN,Yes," Spain ",35-49,Little attention,Occasionally,Never,5,7,7,Yes,Neither agree nor disagree,6,Slightly important,,,Somewhat disagree,Tend to trust,Yes,,,,,,
2021-05-27 04:34:57,2021-05-27 04:35:20,IP Address,7,22,False,2021-06-27 04:35:21,R_2YmHr9JQjFLV83O,email,EN,Yes,,,,,,,,,,,,,,,,,,,,,,,
2021-05-27 07:13:05,2021-05-27 07:14:30,IP Address,30,85,False,2021-06-27 07:14:31,R_338eM3a7vGhKt8P,email,EN,Yes," Netherlands",35-49,Some attention,Regularly,Occasionally,1,7,,,,,,,,,,,,,,,,
2021-06-28 05:04:51,2021-06-28 05:07:43,IP Address,100,172,True,2021-06-28 05:07:44,R_Zb4aKsv5RpzeVhf,email,EN,Yes," Poland",65 or older,Little attention,Never,Never,6,7,6,,Somewhat disagree,,No opinion,,,,,,,,,Somewhat agree,Neither trust nor distrust,
2021-07-01 02:39:15,2021-07-01 04:02:24,IP Address,100,4989,True,2021-07-01 04:02:24,R_2CZVZKT1CBJJRey,email,EN,Yes," Germany",65 or older,Some attention,Regularly,Regularly,2,7,6,No,Neither agree nor disagree,,,7,Extremely important,,,,Strongly disagree,Neither trust nor distrust,No,,,
2021-07-01 03:48:50,2021-07-01 04:33:14,IP Address,100,2664,True,2021-07-01 04:33:15,R_73TzveAaQxSKeyJ,email,EN,Yes," France",35-49,Little attention,Occasionally,Never,8,3,4,No,Somewhat disagree,,,7,Slightly important,Somewhat disagree,Tend not to trust,Yes,,,,,,
2021-07-02 03:40:51,2021-07-02 03:43:28,IP Address,100,156,True,2021-07-02 03:43:28,R_31L4GvGSF9CwF8v,email,EN,Yes," France",35-49,Little attention,Never,Never,6,0,,No,Somewhat disagree,10,Extremely important,,,Neither agree nor disagree,Tend not to trust,Yes,,,,,,
2021-07-02 08:20:08,2021-07-02 08:31:41,IP Address,100,692,True,2021-07-02 08:31:42,R_3LeliafF9FQU2KB,email,EN,Yes," Ireland",50-64,Some attention,Occasionally,Never,5,8,7,,Somewhat disagree,,,8,Quite important,,,,,,,Strongly agree,Tend to trust,No
2021-06-03 03:00:37,2021-06-03 03:01:10,IP Address,13,33,False,2021-07-03 03:01:11,R_sLGbaBAY0uimTRf,email,EN,Yes," Bulgaria",35-49,,,,,,,,,,,,,,,,,,,,,
2021-06-03 04:59:07,2021-06-03 05:01:14,IP Address,87,127,False,2021-07-03 05:01:15,R_3kdDXR25mIH9I1L,email,EN,Yes," Germany",50-64,Some attention,Occasionally,Never,5,4,,Yes,Somewhat agree,,,,Quite important,,,,,,,,,
2021-07-05 15:15:43,2021-07-05 15:19:38,IP Address,100,235,True,2021-07-05 15:19:39,R_3MK98cScxK5NLys,email,EN,Yes," Romania",35-49,A lot of attention,Regularly,Regularly,5,10,7,Yes,Neither agree nor disagree,7,Quite important,,,,,,Somewhat disagree,Tend to trust,No,,,
2021-07-06 03:11:05,2021-07-06 03:16:41,IP Address,100,335,True,2021-07-06 03:16:41,R_2YKWKmlCWAObcTa,email,EN,Yes," Romania",35-49,Some attention,Occasionally,Never,6,9,7,Yes,Neither agree nor disagree,4,Important,,,,,,Somewhat agree,Tend to trust,No,,,
2021-07-07 03:59:35,2021-07-07 04:06:07,IP Address,100,391,True,2021-07-07 04:06:07,R_1hKhg7SoEqYRg7e,email,EN,Yes," Spain ",35-49,Some attention,Never,Never,2,10,9,Yes,Neither agree nor disagree,,,9,Quite important,Somewhat agree,Tend to trust,Yes,,,,,,
2021-07-09 02:53:08,2021-07-09 02:57:36,IP Address,100,268,True,2021-07-09 02:57:37,R_07CUMlPX5uLvw89,email,EN,Yes,Sweden,35-49,Little attention,Occasionally,Never,3,5,7,,Somewhat agree,,,8,Quite important,,,,,,,Neither agree nor disagree,Neither trust nor distrust,
2021-07-12 06:23:01,2021-07-12 06:25:09,IP Address,100,127,True,2021-07-12 06:25:09,R_3sntUHhEwdFQ5c0,email,EN,Yes," Portugal",20-34,A lot of attention,Regularly,Regularly,6,9,9,Yes,Somewhat agree,7,Extremely important,,,Somewhat agree,Fully trust,No,,,,,,
2021-07-12 09:36:15,2021-07-12 09:38:20,IP Address,100,125,True,2021-07-12 09:38:20,R_1HpJk8ctcJm8tVP,email,EN,Yes," Germany",50-64,Little attention,Never,Never,2,8,,,Neither agree nor disagree,,No opinion,,,,,,,,,Neither agree nor disagree,Tend not to trust,Yes
2021-07-14 02:35:46,2021-07-14 03:39:33,IP Address,100,3826,True,2021-07-14 03:39:33,R_3lE2a5BxQptTtFD,email,EN,Yes," Italy",20-34,Little attention,Occasionally,Never,4,9,7,,Somewhat agree,7,Quite important,,,,,,Strongly disagree,Tend not to trust,No,,,
2021-07-14 07:39:16,2021-07-14 07:41:52,IP Address,100,155,True,2021-07-14 07:41:52,R_3NDIQZzP11li9xR,email,EN,Yes," Netherlands",50-64,Some attention,Regularly,Regularly,1,7,7,No,Somewhat disagree,,,7,Extremely important,,,,Strongly disagree,Tend not to trust,No,,,
2021-07-15 07:08:33,2021-07-15 07:11:17,IP Address,100,164,True,2021-07-15 07:11:18,R_3sput65jQ9AfDUx,email,EN,Yes," Italy",35-49,Some attention,Regularly,Never,8,4,4,,Neither agree nor disagree,,,7,Important,,,,,,,Neither agree nor disagree,Neither trust nor distrust,Yes
2021-06-15 07:47:02,2021-06-15 07:48:46,IP Address,87,104,False,2021-07-15 07:48:50,R_eWdBgxOqDDIXWnL,email,EN,Yes," Italy",35-49,A lot of attention,Regularly,Never,8,3,7,No,Somewhat disagree,,No opinion,,,,,,,,,,,
2021-06-16 00:52:11,2021-06-16 00:52:47,IP Address,23,36,False,2021-07-16 00:52:50,R_29cZ8ReS9UfQWo4,email,EN,Yes,Austria,50-64,Little attention,Occasionally,Never,,,,,,,,,,,,,,,,,,
2021-07-16 01:50:49,2021-07-16 05:37:31,IP Address,100,13601,True,2021-07-16 05:37:31,R_xloENwJv9yhBiUN,email,EN,Yes," Italy",35-49,Some attention,Occasionally,Never,4,5,7,Yes,Neither agree nor disagree,7,Important,,,Neither agree nor disagree,Tend to trust,Yes,,,,,,
2021-06-21 03:19:18,2021-06-21 03:19:33,IP Address,7,15,False,2021-07-21 03:19:36,R_1pQIBBJyfSBfTDK,email,EN,Yes,,,,,,,,,,,,,,,,,,,,,,,
2021-06-21 02:54:58,2021-06-22 08:07:17,IP Address,30,105138,False,2021-07-22 08:07:18,R_3hh9nrTZt99xsu4,email,EN,Yes," Croatia",50-64,Some attention,Occasionally,Never,8,3,,,,,,,,,,,,,,,,
2021-06-24 03:53:11,2021-06-24 03:54:52,IP Address,87,100,False,2021-07-24 03:54:53,R_2uUwer8YuVsG999,email,EN,Yes," Ireland",65 or older,Some attention,Occasionally,Regularly,0,2,6,No,Somewhat disagree,,,6,Quite important,,,,,,,,,
2021-06-24 03:27:12,2021-06-24 06:06:02,IP Address,23,9529,False,2021-07-24 06:06:02,R_2Bm2OgvIs5FfB3q,email,EN,Yes," Germany",20-34,Some attention,Occasionally,Never,,,,,,,,,,,,,,,,,,
2021-07-02 02:46:12,2021-07-02 03:44:00,IP Address,30,3468,False,2021-08-02 03:44:02,R_1eUIMvIDFFxKuFp,email,EN,Yes," Lithuania",50-64,Some attention,Regularly,Always,7,8,,,,,,,,,,,,,,,,
2021-06-07 03:05:48,2021-07-06 03:39:23,IP Address,23,2507614,False,2021-08-06 03:39:28,R_33pWCsMFDjSMk4e,email,EN,Yes," Italy",50-64,A lot of attention,On a daily basis,Always,,,,,,,,,,,,,,,,,,
2021-07-12 07:54:44,2021-07-12 07:56:42,IP Address,50,117,False,2021-08-12 07:56:44,R_2b2T97NEZKZy2eQ,email,EN,Yes," Denmark",50-64,Little attention,Never,Never,4,3,,,Somewhat disagree,,,,,,,,,,,,,
2021-07-15 08:30:16,2021-07-15 08:31:29,IP Address,13,73,False,2021-08-15 08:31:32,R_2fj4lbIqQ27C18m,email,EN,Yes," Slovakia",50-64,,,,,,,,,,,,,,,,,,,,,
2021-07-15 08:00:39,2021-07-15 09:38:36,IP Address,13,5877,False,2021-08-15 09:38:38,R_1GBK3yvKLGj0m2X,email,EN,Yes," France",50-64,,,,,,,,,,,,,,,,,,,,,
